timeStamp,elapsed,label,responseCode,responseMessage,threadName,dataType,success,failureMessage,bytes,sentBytes,grpThreads,allThreads,URL,Latency,IdleTime,Connect
1612723610263,14,HTTP GET Request,200,OK,Users 1-1,text,true,,147,134,2,2,http://127.0.0.1:5000/api/reservation,13,0,0
1612723610270,18,HTTP GET Request,200,OK,Users 1-2,text,true,,147,134,3,3,http://127.0.0.1:5000/api/reservation,18,0,0
1612723610279,22,HTTP GET Request,200,OK,Users 1-3,text,true,,147,134,4,4,http://127.0.0.1:5000/api/reservation,21,0,1
1612723610285,32,HTTP GET Request,200,OK,Users 1-4,text,true,,147,134,5,5,http://127.0.0.1:5000/api/reservation,32,0,0
1612723610290,35,HTTP GET Request,200,OK,Users 1-5,text,true,,147,134,5,5,http://127.0.0.1:5000/api/reservation,35,0,1
1612723610299,35,HTTP GET Request,200,OK,Users 1-6,text,true,,147,134,6,6,http://127.0.0.1:5000/api/reservation,35,0,1
1612723610319,18,HTTP GET Request,200,OK,Users 1-9,text,true,,147,134,5,5,http://127.0.0.1:5000/api/reservation,18,0,0
1612723610326,25,HTTP GET Request,200,OK,Users 1-10,text,true,,147,134,6,6,http://127.0.0.1:5000/api/reservation,25,0,0
1612723610333,19,HTTP GET Request,200,OK,Users 1-11,text,true,,147,134,5,5,http://127.0.0.1:5000/api/reservation,19,0,1
1612723610315,39,HTTP GET Request,200,OK,Users 1-8,text,true,,147,134,4,4,http://127.0.0.1:5000/api/reservation,39,0,1
1612723610304,51,HTTP GET Request,200,OK,Users 1-7,text,true,,147,134,4,4,http://127.0.0.1:5000/api/reservation,51,0,1
1612723610340,26,HTTP GET Request,200,OK,Users 1-12,text,true,,147,134,4,4,http://127.0.0.1:5000/api/reservation,26,0,1
1612723610355,16,HTTP GET Request,200,OK,Users 1-14,text,true,,147,134,4,4,http://127.0.0.1:5000/api/reservation,16,0,1
1612723610347,25,HTTP GET Request,200,OK,Users 1-13,text,true,,147,134,3,3,http://127.0.0.1:5000/api/reservation,25,0,1
1612723610361,17,HTTP GET Request,200,OK,Users 1-15,text,true,,147,134,3,3,http://127.0.0.1:5000/api/reservation,17,0,1
1612723610369,12,HTTP GET Request,200,OK,Users 1-16,text,true,,147,134,2,2,http://127.0.0.1:5000/api/reservation,12,0,0
1612723610375,7,HTTP GET Request,200,OK,Users 1-17,text,true,,147,134,2,2,http://127.0.0.1:5000/api/reservation,7,0,0
1612723610382,5,HTTP GET Request,200,OK,Users 1-18,text,true,,147,134,1,1,http://127.0.0.1:5000/api/reservation,5,0,1
1612723610389,4,HTTP GET Request,200,OK,Users 1-19,text,true,,147,134,1,1,http://127.0.0.1:5000/api/reservation,4,0,0
1612723610395,4,HTTP GET Request,200,OK,Users 1-20,text,true,,147,134,1,1,http://127.0.0.1:5000/api/reservation,4,0,1
1612723610403,4,HTTP GET Request,200,OK,Users 1-21,text,true,,147,134,1,1,http://127.0.0.1:5000/api/reservation,4,0,0
1612723610409,4,HTTP GET Request,200,OK,Users 1-22,text,true,,147,134,1,1,http://127.0.0.1:5000/api/reservation,4,0,0
1612723610416,4,HTTP GET Request,200,OK,Users 1-23,text,true,,147,134,1,1,http://127.0.0.1:5000/api/reservation,3,0,0
1612723610424,4,HTTP GET Request,200,OK,Users 1-24,text,true,,147,134,1,1,http://127.0.0.1:5000/api/reservation,4,0,0
1612723610430,4,HTTP GET Request,200,OK,Users 1-25,text,true,,147,134,1,1,http://127.0.0.1:5000/api/reservation,4,0,0
1612723610437,4,HTTP GET Request,200,OK,Users 1-26,text,true,,147,134,1,1,http://127.0.0.1:5000/api/reservation,4,0,1
1612723610444,4,HTTP GET Request,200,OK,Users 1-27,text,true,,147,134,1,1,http://127.0.0.1:5000/api/reservation,4,0,0
1612723610450,3,HTTP GET Request,200,OK,Users 1-28,text,true,,147,134,1,1,http://127.0.0.1:5000/api/reservation,3,0,0
1612723610457,4,HTTP GET Request,200,OK,Users 1-29,text,true,,147,134,1,1,http://127.0.0.1:5000/api/reservation,4,0,0
1612723610464,4,HTTP GET Request,200,OK,Users 1-30,text,true,,147,134,1,1,http://127.0.0.1:5000/api/reservation,4,0,0
1612723610471,4,HTTP GET Request,200,OK,Users 1-31,text,true,,147,134,1,1,http://127.0.0.1:5000/api/reservation,4,0,0
1612723610478,4,HTTP GET Request,200,OK,Users 1-32,text,true,,147,134,1,1,http://127.0.0.1:5000/api/reservation,4,0,1
1612723610486,3,HTTP GET Request,200,OK,Users 1-33,text,true,,147,134,1,1,http://127.0.0.1:5000/api/reservation,3,0,0
1612723610493,3,HTTP GET Request,200,OK,Users 1-34,text,true,,147,134,1,1,http://127.0.0.1:5000/api/reservation,3,0,0
1612723610500,3,HTTP GET Request,200,OK,Users 1-35,text,true,,147,134,1,1,http://127.0.0.1:5000/api/reservation,3,0,0
1612723610506,4,HTTP GET Request,200,OK,Users 1-36,text,true,,147,134,1,1,http://127.0.0.1:5000/api/reservation,4,0,1
1612723610514,3,HTTP GET Request,200,OK,Users 1-37,text,true,,147,134,1,1,http://127.0.0.1:5000/api/reservation,3,0,0
1612723610522,3,HTTP GET Request,200,OK,Users 1-38,text,true,,147,134,1,1,http://127.0.0.1:5000/api/reservation,3,0,0
1612723610526,4,HTTP GET Request,200,OK,Users 1-39,text,true,,147,134,1,1,http://127.0.0.1:5000/api/reservation,4,0,1
1612723610535,3,HTTP GET Request,200,OK,Users 1-40,text,true,,147,134,1,1,http://127.0.0.1:5000/api/reservation,3,0,0
1612723610543,3,HTTP GET Request,200,OK,Users 1-41,text,true,,147,134,1,1,http://127.0.0.1:5000/api/reservation,3,0,0
1612723610550,5,HTTP GET Request,200,OK,Users 1-42,text,true,,147,134,1,1,http://127.0.0.1:5000/api/reservation,4,0,0
1612723610556,5,HTTP GET Request,200,OK,Users 1-43,text,true,,147,134,1,1,http://127.0.0.1:5000/api/reservation,4,0,1
1612723610563,3,HTTP GET Request,200,OK,Users 1-44,text,true,,147,134,1,1,http://127.0.0.1:5000/api/reservation,3,0,0
1612723610571,4,HTTP GET Request,200,OK,Users 1-45,text,true,,147,134,1,1,http://127.0.0.1:5000/api/reservation,4,0,1
1612723610579,5,HTTP GET Request,200,OK,Users 1-46,text,true,,147,134,1,1,http://127.0.0.1:5000/api/reservation,5,0,0
1612723610584,4,HTTP GET Request,200,OK,Users 1-47,text,true,,147,134,1,1,http://127.0.0.1:5000/api/reservation,4,0,1
1612723610590,3,HTTP GET Request,200,OK,Users 1-48,text,true,,147,134,1,1,http://127.0.0.1:5000/api/reservation,3,0,0
1612723610598,3,HTTP GET Request,200,OK,Users 1-49,text,true,,147,134,1,1,http://127.0.0.1:5000/api/reservation,3,0,0
1612723610605,3,HTTP GET Request,200,OK,Users 1-50,text,true,,147,134,1,1,http://127.0.0.1:5000/api/reservation,3,0,0
1612723610612,4,HTTP GET Request,200,OK,Users 1-51,text,true,,147,134,1,1,http://127.0.0.1:5000/api/reservation,4,0,0
1612723610618,3,HTTP GET Request,200,OK,Users 1-52,text,true,,147,134,1,1,http://127.0.0.1:5000/api/reservation,3,0,0
1612723610626,4,HTTP GET Request,200,OK,Users 1-53,text,true,,147,134,1,1,http://127.0.0.1:5000/api/reservation,4,0,1
1612723610633,4,HTTP GET Request,200,OK,Users 1-54,text,true,,147,134,1,1,http://127.0.0.1:5000/api/reservation,4,0,1
1612723610639,4,HTTP GET Request,200,OK,Users 1-55,text,true,,147,134,1,1,http://127.0.0.1:5000/api/reservation,4,0,0
1612723610646,5,HTTP GET Request,200,OK,Users 1-56,text,true,,147,134,1,1,http://127.0.0.1:5000/api/reservation,5,0,1
1612723610653,5,HTTP GET Request,200,OK,Users 1-57,text,true,,147,134,1,1,http://127.0.0.1:5000/api/reservation,5,0,1
1612723610660,5,HTTP GET Request,200,OK,Users 1-58,text,true,,147,134,1,1,http://127.0.0.1:5000/api/reservation,5,0,1
1612723610667,4,HTTP GET Request,200,OK,Users 1-59,text,true,,147,134,1,1,http://127.0.0.1:5000/api/reservation,4,0,1
1612723610674,4,HTTP GET Request,200,OK,Users 1-60,text,true,,147,134,1,1,http://127.0.0.1:5000/api/reservation,4,0,1
1612723610682,4,HTTP GET Request,200,OK,Users 1-61,text,true,,147,134,1,1,http://127.0.0.1:5000/api/reservation,4,0,1
1612723610689,4,HTTP GET Request,200,OK,Users 1-62,text,true,,147,134,1,1,http://127.0.0.1:5000/api/reservation,4,0,1
1612723610695,4,HTTP GET Request,200,OK,Users 1-63,text,true,,147,134,1,1,http://127.0.0.1:5000/api/reservation,4,0,1
1612723610702,4,HTTP GET Request,200,OK,Users 1-64,text,true,,147,134,1,1,http://127.0.0.1:5000/api/reservation,4,0,0
1612723610709,5,HTTP GET Request,200,OK,Users 1-65,text,true,,147,134,1,1,http://127.0.0.1:5000/api/reservation,5,0,0
1612723610716,4,HTTP GET Request,200,OK,Users 1-66,text,true,,147,134,1,1,http://127.0.0.1:5000/api/reservation,4,0,1
1612723610723,4,HTTP GET Request,200,OK,Users 1-67,text,true,,147,134,1,1,http://127.0.0.1:5000/api/reservation,4,0,1
1612723610730,4,HTTP GET Request,200,OK,Users 1-68,text,true,,147,134,1,1,http://127.0.0.1:5000/api/reservation,3,0,0
1612723610737,4,HTTP GET Request,200,OK,Users 1-69,text,true,,147,134,1,1,http://127.0.0.1:5000/api/reservation,4,0,0
1612723610745,5,HTTP GET Request,200,OK,Users 1-70,text,true,,147,134,1,1,http://127.0.0.1:5000/api/reservation,5,0,1
1612723610752,4,HTTP GET Request,200,OK,Users 1-71,text,true,,147,134,1,1,http://127.0.0.1:5000/api/reservation,4,0,1
1612723610758,5,HTTP GET Request,200,OK,Users 1-72,text,true,,147,134,1,1,http://127.0.0.1:5000/api/reservation,5,0,1
1612723610765,4,HTTP GET Request,200,OK,Users 1-73,text,true,,147,134,1,1,http://127.0.0.1:5000/api/reservation,4,0,0
1612723610772,4,HTTP GET Request,200,OK,Users 1-74,text,true,,147,134,1,1,http://127.0.0.1:5000/api/reservation,4,0,1
1612723610779,5,HTTP GET Request,200,OK,Users 1-75,text,true,,147,134,1,1,http://127.0.0.1:5000/api/reservation,5,0,1
1612723610786,4,HTTP GET Request,200,OK,Users 1-76,text,true,,147,134,1,1,http://127.0.0.1:5000/api/reservation,4,0,0
1612723610793,4,HTTP GET Request,200,OK,Users 1-77,text,true,,147,134,1,1,http://127.0.0.1:5000/api/reservation,4,0,0
1612723610800,4,HTTP GET Request,200,OK,Users 1-78,text,true,,147,134,1,1,http://127.0.0.1:5000/api/reservation,4,0,1
1612723610808,4,HTTP GET Request,200,OK,Users 1-79,text,true,,147,134,1,1,http://127.0.0.1:5000/api/reservation,4,0,1
1612723610815,4,HTTP GET Request,200,OK,Users 1-80,text,true,,147,134,1,1,http://127.0.0.1:5000/api/reservation,3,0,0
1612723610821,4,HTTP GET Request,200,OK,Users 1-81,text,true,,147,134,1,1,http://127.0.0.1:5000/api/reservation,4,0,1
1612723610828,5,HTTP GET Request,200,OK,Users 1-82,text,true,,147,134,1,1,http://127.0.0.1:5000/api/reservation,5,0,1
1612723610835,3,HTTP GET Request,200,OK,Users 1-83,text,true,,147,134,1,1,http://127.0.0.1:5000/api/reservation,3,0,0
1612723610842,4,HTTP GET Request,200,OK,Users 1-84,text,true,,147,134,1,1,http://127.0.0.1:5000/api/reservation,4,0,0
1612723610849,5,HTTP GET Request,200,OK,Users 1-85,text,true,,147,134,1,1,http://127.0.0.1:5000/api/reservation,4,0,1
1612723610856,4,HTTP GET Request,200,OK,Users 1-86,text,true,,147,134,1,1,http://127.0.0.1:5000/api/reservation,4,0,1
1612723610863,4,HTTP GET Request,200,OK,Users 1-87,text,true,,147,134,1,1,http://127.0.0.1:5000/api/reservation,4,0,1
1612723610870,4,HTTP GET Request,200,OK,Users 1-88,text,true,,147,134,1,1,http://127.0.0.1:5000/api/reservation,4,0,1
1612723610878,5,HTTP GET Request,200,OK,Users 1-89,text,true,,147,134,1,1,http://127.0.0.1:5000/api/reservation,5,0,1
1612723610885,4,HTTP GET Request,200,OK,Users 1-90,text,true,,147,134,1,1,http://127.0.0.1:5000/api/reservation,4,0,1
1612723610891,4,HTTP GET Request,200,OK,Users 1-91,text,true,,147,134,1,1,http://127.0.0.1:5000/api/reservation,4,0,1
1612723610898,4,HTTP GET Request,200,OK,Users 1-92,text,true,,147,134,1,1,http://127.0.0.1:5000/api/reservation,4,0,1
1612723610905,4,HTTP GET Request,200,OK,Users 1-93,text,true,,147,134,1,1,http://127.0.0.1:5000/api/reservation,4,0,0
1612723610912,5,HTTP GET Request,200,OK,Users 1-94,text,true,,147,134,1,1,http://127.0.0.1:5000/api/reservation,4,0,1
1612723610919,3,HTTP GET Request,200,OK,Users 1-95,text,true,,147,134,1,1,http://127.0.0.1:5000/api/reservation,3,0,0
1612723610926,5,HTTP GET Request,200,OK,Users 1-96,text,true,,147,134,1,1,http://127.0.0.1:5000/api/reservation,5,0,0
1612723610934,4,HTTP GET Request,200,OK,Users 1-97,text,true,,147,134,1,1,http://127.0.0.1:5000/api/reservation,4,0,1
1612723610941,4,HTTP GET Request,200,OK,Users 1-98,text,true,,147,134,1,1,http://127.0.0.1:5000/api/reservation,4,0,1
1612723610948,4,HTTP GET Request,200,OK,Users 1-99,text,true,,147,134,1,1,http://127.0.0.1:5000/api/reservation,4,0,1
1612723610954,4,HTTP GET Request,200,OK,Users 1-100,text,true,,147,134,1,1,http://127.0.0.1:5000/api/reservation,4,0,1
1612723610962,4,HTTP GET Request,200,OK,Users 1-101,text,true,,147,134,1,1,http://127.0.0.1:5000/api/reservation,4,0,0
1612723610968,4,HTTP GET Request,200,OK,Users 1-102,text,true,,147,134,1,1,http://127.0.0.1:5000/api/reservation,4,0,1
1612723610976,5,HTTP GET Request,200,OK,Users 1-103,text,true,,147,134,1,1,http://127.0.0.1:5000/api/reservation,5,0,1
1612723610985,3,HTTP GET Request,200,OK,Users 1-104,text,true,,147,134,1,1,http://127.0.0.1:5000/api/reservation,3,0,0
1612723610992,4,HTTP GET Request,200,OK,Users 1-105,text,true,,147,134,1,1,http://127.0.0.1:5000/api/reservation,4,0,1
1612723610999,4,HTTP GET Request,200,OK,Users 1-106,text,true,,147,134,1,1,http://127.0.0.1:5000/api/reservation,4,0,1
1612723611006,4,HTTP GET Request,200,OK,Users 1-107,text,true,,147,134,1,1,http://127.0.0.1:5000/api/reservation,4,0,1
1612723611011,4,HTTP GET Request,200,OK,Users 1-108,text,true,,147,134,1,1,http://127.0.0.1:5000/api/reservation,4,0,1
1612723611019,4,HTTP GET Request,200,OK,Users 1-109,text,true,,147,134,1,1,http://127.0.0.1:5000/api/reservation,4,0,1
1612723611026,4,HTTP GET Request,200,OK,Users 1-110,text,true,,147,134,1,1,http://127.0.0.1:5000/api/reservation,4,0,0
1612723611032,4,HTTP GET Request,200,OK,Users 1-111,text,true,,147,134,1,1,http://127.0.0.1:5000/api/reservation,4,0,0
1612723611039,4,HTTP GET Request,200,OK,Users 1-112,text,true,,147,134,1,1,http://127.0.0.1:5000/api/reservation,4,0,0
1612723611047,4,HTTP GET Request,200,OK,Users 1-113,text,true,,147,134,1,1,http://127.0.0.1:5000/api/reservation,4,0,1
1612723611054,3,HTTP GET Request,200,OK,Users 1-114,text,true,,147,134,1,1,http://127.0.0.1:5000/api/reservation,3,0,0
1612723611063,4,HTTP GET Request,200,OK,Users 1-115,text,true,,147,134,1,1,http://127.0.0.1:5000/api/reservation,4,0,0
1612723611068,4,HTTP GET Request,200,OK,Users 1-116,text,true,,147,134,1,1,http://127.0.0.1:5000/api/reservation,3,0,0
1612723611074,4,HTTP GET Request,200,OK,Users 1-117,text,true,,147,134,1,1,http://127.0.0.1:5000/api/reservation,4,0,1
1612723611083,4,HTTP GET Request,200,OK,Users 1-118,text,true,,147,134,1,1,http://127.0.0.1:5000/api/reservation,4,0,0
1612723611092,4,HTTP GET Request,200,OK,Users 1-119,text,true,,147,134,2,2,http://127.0.0.1:5000/api/reservation,4,0,1
1612723611096,4,HTTP GET Request,200,OK,Users 1-120,text,true,,147,134,1,1,http://127.0.0.1:5000/api/reservation,4,0,1
1612723611102,4,HTTP GET Request,200,OK,Users 1-121,text,true,,147,134,1,1,http://127.0.0.1:5000/api/reservation,3,0,0
1612723611109,5,HTTP GET Request,200,OK,Users 1-122,text,true,,147,134,1,1,http://127.0.0.1:5000/api/reservation,4,0,1
1612723611116,4,HTTP GET Request,200,OK,Users 1-123,text,true,,147,134,1,1,http://127.0.0.1:5000/api/reservation,3,0,0
1612723611126,4,HTTP GET Request,200,OK,Users 1-124,text,true,,147,134,2,2,http://127.0.0.1:5000/api/reservation,4,0,0
1612723611130,4,HTTP GET Request,200,OK,Users 1-125,text,true,,147,134,1,1,http://127.0.0.1:5000/api/reservation,4,0,0
1612723611139,16,HTTP GET Request,200,OK,Users 1-126,text,true,,147,134,3,3,http://127.0.0.1:5000/api/reservation,16,0,1
1612723611159,33,HTTP GET Request,200,OK,Users 1-129,text,true,,147,134,7,7,http://127.0.0.1:5000/api/reservation,33,0,2
1612723611147,45,HTTP GET Request,200,OK,Users 1-127,text,true,,147,134,7,7,http://127.0.0.1:5000/api/reservation,45,0,2
1612723611154,43,HTTP GET Request,200,OK,Users 1-128,text,true,,147,134,6,6,http://127.0.0.1:5000/api/reservation,43,0,2
1612723611168,29,HTTP GET Request,200,OK,Users 1-130,text,true,,147,134,5,5,http://127.0.0.1:5000/api/reservation,29,0,1
1612723611175,27,HTTP GET Request,200,OK,Users 1-131,text,true,,147,134,5,5,http://127.0.0.1:5000/api/reservation,27,0,1
1612723611182,27,HTTP GET Request,200,OK,Users 1-132,text,true,,147,134,5,5,http://127.0.0.1:5000/api/reservation,27,0,1
1612723611193,18,HTTP GET Request,200,OK,Users 1-134,text,true,,147,134,4,4,http://127.0.0.1:5000/api/reservation,18,0,0
1612723611186,39,HTTP GET Request,200,OK,Users 1-133,text,true,,147,134,5,5,http://127.0.0.1:5000/api/reservation,39,0,1
1612723611201,43,HTTP GET Request,200,OK,Users 1-135,text,true,,147,134,7,7,http://127.0.0.1:5000/api/reservation,43,0,0
1612723611208,42,HTTP GET Request,200,OK,Users 1-136,text,true,,147,134,7,7,http://127.0.0.1:5000/api/reservation,42,0,0
1612723611213,39,HTTP GET Request,200,OK,Users 1-137,text,true,,147,134,6,6,http://127.0.0.1:5000/api/reservation,39,0,0
1612723611222,34,HTTP GET Request,200,OK,Users 1-138,text,true,,147,134,5,5,http://127.0.0.1:5000/api/reservation,34,0,0
1612723611230,30,HTTP GET Request,200,OK,Users 1-139,text,true,,147,134,5,5,http://127.0.0.1:5000/api/reservation,30,0,0
1612723611237,24,HTTP GET Request,200,OK,Users 1-140,text,true,,147,134,4,4,http://127.0.0.1:5000/api/reservation,24,0,0
1612723611243,29,HTTP GET Request,200,OK,Users 1-141,text,true,,147,134,5,5,http://127.0.0.1:5000/api/reservation,29,0,0
1612723611250,26,HTTP GET Request,200,OK,Users 1-142,text,true,,147,134,5,5,http://127.0.0.1:5000/api/reservation,26,0,0
1612723611258,25,HTTP GET Request,200,OK,Users 1-143,text,true,,147,134,4,4,http://127.0.0.1:5000/api/reservation,25,0,0
1612723611265,23,HTTP GET Request,200,OK,Users 1-144,text,true,,147,134,4,4,http://127.0.0.1:5000/api/reservation,23,0,0
1612723611272,16,HTTP GET Request,200,OK,Users 1-145,text,true,,147,134,4,4,http://127.0.0.1:5000/api/reservation,16,0,0
1612723611276,28,HTTP GET Request,200,OK,Users 1-146,text,true,,147,134,4,4,http://127.0.0.1:5000/api/reservation,28,0,0
1612723611285,40,HTTP GET Request,200,OK,Users 1-147,text,true,,147,134,4,4,http://127.0.0.1:5000/api/reservation,40,0,0
1612723611299,40,HTTP GET Request,200,OK,Users 1-149,text,true,,147,134,3,3,http://127.0.0.1:5000/api/reservation,40,0,1
1612723611292,75,HTTP GET Request,200,OK,Users 1-148,text,true,,147,134,2,2,http://127.0.0.1:5000/api/reservation,75,0,0
1612723611306,62,HTTP GET Request,200,OK,Users 1-150,text,true,,147,134,1,1,http://127.0.0.1:5000/api/reservation,62,0,2
